{
  "heldout": {
    "corpus": "wikitext-103",
    "seed": 1,
    "n_docs": 200
  },
  "cka": [
    [
      1.0,
      0.948073,
      0.887126,
      0.823986,
      0.795389,
      0.757703,
      0.724807,
      0.557337,
      0.653118,
      0.652396,
      0.561235,
      0.559747,
      0.54475,
      0.537746,
      0.65396,
      0.629494,
      0.67691,
      0.670376,
      0.650447,
      0.624783,
      0.586129,
      0.535652,
      0.45969,
      0.421602,
      0.381152,
      0.419287,
      0.333,
      0.28514
    ],
    [
      0.948073,
      1.0,
      0.938363,
      0.873639,
      0.844975,
      0.8063,
      0.776151,
      0.597811,
      0.706754,
      0.702797,
      0.604322,
      0.596125,
      0.581781,
      0.574248,
      0.701786,
      0.678376,
      0.721642,
      0.716464,
      0.699473,
      0.673999,
      0.634664,
      0.584222,
      0.504167,
      0.465369,
      0.422689,
      0.459637,
      0.376328,
      0.306824
    ],
    [
      0.887126,
      0.938363,
      1.0,
      0.926471,
      0.887595,
      0.850779,
      0.819161,
      0.630722,
      0.750897,
      0.743275,
      0.637567,
      0.625772,
      0.610543,
      0.602477,
      0.736519,
      0.712842,
      0.757472,
      0.744638,
      0.725577,
      0.701629,
      0.66271,
      0.607865,
      0.524964,
      0.485945,
      0.442075,
      0.474966,
      0.388803,
      0.308519
    ],
    [
      0.823986,
      0.873639,
      0.926471,
      1.0,
      0.926926,
      0.882749,
      0.848676,
      0.655312,
      0.782346,
      0.770944,
      0.668302,
      0.640196,
      0.627885,
      0.61923,
      0.756981,
      0.737201,
      0.767585,
      0.757903,
      0.742442,
      0.719328,
      0.685398,
      0.6347,
      0.555543,
      0.520557,
      0.479747,
      0.50948,
      0.423733,
      0.32221
    ],
    [
      0.795389,
      0.844975,
      0.887595,
      0.926926,
      1.0,
      0.938114,
      0.904712,
      0.696487,
      0.833234,
      0.821096,
      0.710447,
      0.678002,
      0.665587,
      0.657668,
      0.799615,
      0.77321,
      0.802638,
      0.79288,
      0.775287,
      0.752322,
      0.716249,
      0.666873,
      0.588329,
      0.552227,
      0.510534,
      0.536706,
      0.45604,
      0.334794
    ],
    [
      0.757703,
      0.8063,
      0.850779,
      0.882749,
      0.938114,
      1.0,
      0.95171,
      0.73364,
      0.874321,
      0.855344,
      0.741707,
      0.712398,
      0.699057,
      0.687774,
      0.829608,
      0.798798,
      0.834558,
      0.811621,
      0.789933,
      0.768112,
      0.731236,
      0.673566,
      0.590896,
      0.555053,
      0.514804,
      0.539554,
      0.462475,
      0.338077
    ],
    [
      0.724807,
      0.776151,
      0.819161,
      0.848676,
      0.904712,
      0.95171,
      1.0,
      0.778892,
      0.912235,
      0.886788,
      0.778086,
      0.747284,
      0.734748,
      0.723757,
      0.85133,
      0.818555,
      0.846978,
      0.826684,
      0.805427,
      0.782098,
      0.750947,
      0.699618,
      0.620487,
      0.584194,
      0.543207,
      0.567445,
      0.495197,
      0.355742
    ],
    [
      0.557337,
      0.597811,
      0.630722,
      0.655312,
      0.696487,
      0.73364,
      0.778892,
      1.0,
      0.837249,
      0.791165,
      0.865301,
      0.886969,
      0.879714,
      0.870386,
      0.696056,
      0.673594,
      0.682436,
      0.668936,
      0.651715,
      0.632653,
      0.608025,
      0.565949,
      0.503513,
      0.474127,
      0.441234,
      0.458847,
      0.405857,
      0.282703
    ],
    [
      0.653118,
      0.706754,
      0.750897,
      0.782346,
      0.833234,
      0.874321,
      0.912235,
      0.837249,
      1.0,
      0.939112,
      0.862879,
      0.830081,
      0.822112,
      0.813076,
      0.880328,
      0.85412,
      0.85381,
      0.838505,
      0.819364,
      0.790816,
      0.758983,
      0.709579,
      0.63317,
      0.59653,
      0.554601,
      0.580523,
      0.512757,
      0.362801
    ],
    [
      0.652396,
      0.702797,
      0.743275,
      0.770944,
      0.821096,
      0.855344,
      0.886788,
      0.791165,
      0.939112,
      1.0,
      0.890486,
      0.827332,
      0.818807,
      0.810069,
      0.889813,
      0.863669,
      0.876431,
      0.85515,
      0.832608,
      0.800721,
      0.771283,
      0.721673,
      0.644373,
      0.605478,
      0.561628,
      0.589139,
      0.524374,
      0.374669
    ],
    [
      0.561235,
      0.604322,
      0.637567,
      0.668302,
      0.710447,
      0.741707,
      0.778086,
      0.865301,
      0.862879,
      0.890486,
      1.0,
      0.937596,
      0.933978,
      0.927642,
      0.80966,
      0.793972,
      0.782164,
      0.7705,
      0.754943,
      0.725299,
      0.697871,
      0.653381,
      0.586591,
      0.552248,
      0.51261,
      0.535225,
      0.47936,
      0.346383
    ],
    [
      0.559747,
      0.596125,
      0.625772,
      0.640196,
      0.678002,
      0.712398,
      0.747284,
      0.886969,
      0.830081,
      0.827332,
      0.937596,
      1.0,
      0.984488,
      0.974493,
      0.781626,
      0.755055,
      0.758276,
      0.737022,
      0.7131,
      0.683186,
      0.650031,
      0.602182,
      0.532932,
      0.496053,
      0.456449,
      0.47802,
      0.422574,
      0.304746
    ],
    [
      0.54475,
      0.581781,
      0.610543,
      0.627885,
      0.665587,
      0.699057,
      0.734748,
      0.879714,
      0.822112,
      0.818807,
      0.933978,
      0.984488,
      1.0,
      0.984589,
      0.789917,
      0.767884,
      0.759665,
      0.743269,
      0.722252,
      0.693668,
      0.658806,
      0.611658,
      0.543706,
      0.508872,
      0.470509,
      0.490201,
      0.437044,
      0.31379
    ],
    [
      0.537746,
      0.574248,
      0.602477,
      0.61923,
      0.657668,
      0.687774,
      0.723757,
      0.870386,
      0.813076,
      0.810069,
      0.927642,
      0.974493,
      0.984589,
      1.0,
      0.80243,
      0.780706,
      0.764716,
      0.750075,
      0.72787,
      0.696876,
      0.662009,
      0.615747,
      0.549192,
      0.513994,
      0.476531,
      0.495991,
      0.443602,
      0.316947
    ],
    [
      0.65396,
      0.701786,
      0.736519,
      0.756981,
      0.799615,
      0.829608,
      0.85133,
      0.696056,
      0.880328,
      0.889813,
      0.80966,
      0.781626,
      0.789917,
      0.80243,
      1.0,
      0.973053,
      0.945989,
      0.932022,
      0.905789,
      0.865198,
      0.82104,
      0.764849,
      0.6841,
      0.642807,
      0.598822,
      0.625618,
      0.555418,
      0.399728
    ],
    [
      0.629494,
      0.678376,
      0.712842,
      0.737201,
      0.77321,
      0.798798,
      0.818555,
      0.673594,
      0.85412,
      0.863669,
      0.793972,
      0.755055,
      0.767884,
      0.780706,
      0.973053,
      1.0,
      0.941317,
      0.939358,
      0.917434,
      0.875851,
      0.833481,
      0.775913,
      0.694798,
      0.653915,
      0.608992,
      0.636539,
      0.566552,
      0.410597
    ],
    [
      0.67691,
      0.721642,
      0.757472,
      0.767585,
      0.802638,
      0.834558,
      0.846978,
      0.682436,
      0.85381,
      0.876431,
      0.782164,
      0.758276,
      0.759665,
      0.764716,
      0.945989,
      0.941317,
      1.0,
      0.96463,
      0.926438,
      0.885758,
      0.838836,
      0.777362,
      0.689934,
      0.642045,
      0.59183,
      0.614663,
      0.54285,
      0.390823
    ],
    [
      0.670376,
      0.716464,
      0.744638,
      0.757903,
      0.79288,
      0.811621,
      0.826684,
      0.668936,
      0.838505,
      0.85515,
      0.7705,
      0.737022,
      0.743269,
      0.750075,
