{
  "heldout": {
    "corpus": "wikitext-103",
    "seed": 1,
    "n_docs": 200
  },
  "cka": [
    [
      1.0,
      0.953224,
      0.907774,
      0.828787,
      0.799189,
      0.757264,
      0.716663,
      0.649763,
      0.634262,
      0.615005,
      0.577847,
      0.612651,
      0.586291,
      0.573704,
      0.603666,
      0.563813,
      0.626418,
      0.586237,
      0.542819,
      0.507378,
      0.452974,
      0.396235,
      0.335967,
      0.305307,
      0.282799,
      0.317198,
      0.246715,
      0.183854
    ],
    [
      0.953224,
      1.0,
      0.954916,
      0.879944,
      0.855521,
      0.818416,
      0.77929,
      0.712173,
      0.69895,
      0.678126,
      0.636229,
      0.665696,
      0.638811,
      0.626295,
      0.658488,
      0.61879,
      0.679656,
      0.63743,
      0.59427,
      0.556082,
      0.498151,
      0.437054,
      0.371298,
      0.33992,
      0.317999,
      0.354114,
      0.286121,
      0.212722
    ],
    [
      0.907774,
      0.954916,
      1.0,
      0.928887,
      0.900458,
      0.865947,
      0.826571,
      0.762546,
      0.751101,
      0.720223,
      0.679483,
      0.710002,
      0.680839,
      0.668345,
      0.700748,
      0.661417,
      0.717576,
      0.672288,
      0.626183,
      0.584083,
      0.525846,
      0.46043,
      0.391276,
      0.35835,
      0.335166,
      0.366409,
      0.300348,
      0.22301
    ],
    [
      0.828787,
      0.879944,
      0.928887,
      1.0,
      0.945638,
      0.897951,
      0.864391,
      0.796995,
      0.786888,
      0.753124,
      0.716886,
      0.726354,
      0.700632,
      0.690742,
      0.724836,
      0.688115,
      0.729784,
      0.693552,
      0.65096,
      0.607024,
      0.546905,
      0.480844,
      0.411932,
      0.379777,
      0.358625,
      0.380508,
      0.32598,
      0.239475
    ],
    [
      0.799189,
      0.855521,
      0.900458,
      0.945638,
      1.0,
      0.954103,
      0.918785,
      0.850067,
      0.837773,
      0.804631,
      0.765381,
      0.771879,
      0.745497,
      0.7367,
      0.768462,
      0.729165,
      0.762822,
      0.730865,
      0.68716,
      0.645233,
      0.585856,
      0.518539,
      0.447754,
      0.415019,
      0.39328,
      0.413783,
      0.361077,
      0.264988
    ],
    [
      0.757264,
      0.818416,
      0.865947,
      0.897951,
      0.954103,
      1.0,
      0.958115,
      0.891816,
      0.877409,
      0.838105,
      0.804439,
      0.814559,
      0.787364,
      0.776474,
      0.802922,
      0.763744,
      0.796238,
      0.760431,
      0.715503,
      0.671704,
      0.611561,
      0.542423,
      0.471078,
      0.440242,
      0.419303,
      0.438341,
      0.382321,
      0.275698
    ],
    [
      0.716663,
      0.77929,
      0.826571,
      0.864391,
      0.918785,
      0.958115,
      1.0,
      0.930905,
      0.918976,
      0.881063,
      0.845774,
      0.846804,
      0.820883,
      0.811229,
      0.836878,
      0.797023,
      0.81514,
      0.784476,
      0.744575,
      0.696028,
      0.64178,
      0.576582,
      0.504001,
      0.472415,
      0.44791,
      0.464632,
      0.409646,
      0.296041
    ],
    [
      0.649763,
      0.712173,
      0.762546,
      0.796995,
      0.850067,
      0.891816,
      0.930905,
      1.0,
      0.928886,
      0.910223,
      0.883992,
      0.8908,
      0.880419,
      0.869129,
      0.829766,
      0.798626,
      0.791605,
      0.766539,
      0.732063,
      0.683616,
      0.635071,
      0.57016,
      0.502836,
      0.471419,
      0.44587,
      0.459371,
      0.409356,
      0.297845
    ],
    [
      0.634262,
      0.69895,
      0.751101,
      0.786888,
      0.837773,
      0.877409,
      0.918976,
      0.928886,
      1.0,
      0.929861,
      0.894732,
      0.877373,
      0.856663,
      0.854129,
      0.878913,
      0.846484,
      0.821608,
      0.793362,
      0.761027,
      0.703398,
      0.6521,
      0.5859,
      0.514123,
      0.48256,
      0.455436,
      0.476218,
      0.420544,
      0.30401
    ],
    [
      0.615005,
      0.678126,
      0.720223,
      0.753124,
      0.804631,
      0.838105,
      0.881063,
      0.910223,
      0.929861,
      1.0,
      0.948509,
      0.914206,
      0.901104,
      0.895071,
      0.879988,
      0.851512,
      0.836216,
      0.807252,
      0.777209,
      0.715454,
      0.673748,
      0.610142,
      0.539457,
      0.506891,
      0.475942,
      0.491047,
      0.437404,
      0.312864
    ],
    [
      0.577847,
      0.636229,
      0.679483,
      0.716886,
      0.765381,
      0.804439,
      0.845774,
      0.883992,
      0.894732,
      0.948509,
      1.0,
      0.936332,
      0.925751,
      0.919274,
      0.890256,
      0.86688,
      0.836292,
      0.810866,
      0.785032,
      0.721199,
      0.679443,
      0.615771,
      0.546375,
      0.513253,
      0.481193,
      0.489838,
      0.436796,
      0.31287
    ],
    [
      0.612651,
      0.665696,
      0.710002,
      0.726354,
      0.771879,
      0.814559,
      0.846804,
      0.8908,
      0.877373,
      0.914206,
      0.936332,
      1.0,
      0.977251,
      0.962088,
      0.902425,
      0.863091,
      0.860081,
      0.814972,
      0.776723,
      0.711277,
      0.664839,
      0.597544,
      0.524898,
      0.490755,
      0.458649,
      0.468634,
      0.416752,
      0.299564
    ],
    [
      0.586291,
      0.638811,
      0.680839,
      0.700632,
      0.745497,
      0.787364,
      0.820883,
      0.880419,
      0.856663,
      0.901104,
      0.925751,
      0.977251,
      1.0,
      0.97929,
      0.902564,
      0.870718,
      0.847745,
      0.816217,
      0.782057,
      0.720324,
      0.669871,
      0.602968,
      0.533185,
      0.500623,
      0.46978,
      0.478784,
      0.426291,
      0.312644
    ],
    [
      0.573704,
      0.626295,
      0.668345,
      0.690742,
      0.7367,
      0.776474,
      0.811229,
      0.869129,
      0.854129,
      0.895071,
      0.919274,
      0.962088,
      0.97929,
      1.0,
      0.930659,
      0.899626,
      0.860922,
      0.835509,
      0.802447,
      0.742862,
      0.69044,
      0.624146,
      0.554126,
      0.520929,
      0.491337,
      0.499478,
      0.449064,
      0.329637
    ],
    [
      0.603666,
      0.658488,
      0.700748,
      0.724836,
      0.768462,
      0.802922,
      0.836878,
      0.829766,
      0.878913,
      0.879988,
      0.890256,
      0.902425,
      0.902564,
      0.930659,
      1.0,
      0.965644,
      0.913482,
      0.892064,
      0.85837,
      0.798281,
      0.73883,
      0.66923,
      0.593829,
      0.556907,
      0.525024,
      0.535141,
      0.483096,
      0.361092
    ],
    [
      0.563813,
      0.61879,
      0.661417,
      0.688115,
      0.729165,
      0.763744,
      0.797023,
      0.798626,
      0.846484,
      0.851512,
      0.86688,
      0.863091,
      0.870718,
      0.899626,
      0.965644,
      1.0,
      0.906597,
      0.902779,
      0.879192,
      0.82026,
      0.762004,
      0.69201,
      0.617789,
      0.580789,
      0.548305,
      0.553495,
      0.504055,
      0.379008
    ],
    [
      0.626418,
      0.679656,
      0.717576,
      0.729784,
      0.762822,
      0.796238,
      0.81514,
      0.791605,
      0.821608,
      0.836216,
      0.836292,
      0.860081,
      0.847745,
      0.860922,
      0.913482,
      0.906597,
      1.0,
      0.945747,
      0.893851,
      0.834843,
      0.77234,
      0.698815,
      0.617848,
      0.574695,
      0.540839,
      0.532404,
      0.491277,
      0.371901
    ],
    [
      0.586237,
      0.63743,
      0.672288,
      0.693552,
      0.730865,
      0.760431,
      0.784476,
      0.766539,
      0.793362,
      0.807252,
      0.810866,
      0.814972,
      0.816217,
