{
  "heldout": {
    "corpus": "wikitext-103",
    "seed": 1,
    "n_docs": 200
  },
  "cka": [
    [
      1.0,
      0.973103,
      0.955132,
      0.90063,
      0.82982,
      0.784053,
      0.757259,
      0.755313,
      0.742524,
      0.555183,
      0.450324,
      0.413764,
      0.36887,
      0.335215,
      0.307377,
      0.27132,
      0.243236,
      0.212138,
      0.195148,
      0.172902,
      0.15467,
      0.146422,
      0.094608,
      0.035957
    ],
    [
      0.973103,
      1.0,
      0.980746,
      0.932582,
      0.866454,
      0.823395,
      0.801469,
      0.801252,
      0.79148,
      0.618934,
      0.518299,
      0.48054,
      0.434175,
      0.398198,
      0.367508,
      0.32791,
      0.29705,
      0.262507,
      0.243393,
      0.218746,
      0.198224,
      0.190271,
      0.125541,
      0.047733
    ],
    [
      0.955132,
      0.980746,
      1.0,
      0.966373,
      0.902233,
      0.857345,
      0.829502,
      0.825101,
      0.810142,
      0.646874,
      0.550633,
      0.511726,
      0.46402,
      0.42622,
      0.393548,
      0.351313,
      0.317807,
      0.280618,
      0.259125,
      0.232034,
      0.21029,
      0.198924,
      0.131456,
      0.048792
    ],
    [
      0.90063,
      0.932582,
      0.966373,
      1.0,
      0.955495,
      0.910247,
      0.87752,
      0.862667,
      0.83781,
      0.697161,
      0.609834,
      0.567688,
      0.517908,
      0.476561,
      0.44056,
      0.394348,
      0.357525,
      0.316799,
      0.292127,
      0.261588,
      0.237903,
      0.223309,
      0.148356,
      0.054436
    ],
    [
      0.82982,
      0.866454,
      0.902233,
      0.955495,
      1.0,
      0.960779,
      0.922274,
      0.896985,
      0.860871,
      0.744796,
      0.664601,
      0.617055,
      0.565043,
      0.519979,
      0.480186,
      0.430087,
      0.39019,
      0.345762,
      0.317194,
      0.28364,
      0.257648,
      0.241829,
      0.162787,
      0.060622
    ],
    [
      0.784053,
      0.823395,
      0.857345,
      0.910247,
      0.960779,
      1.0,
      0.959696,
      0.928063,
      0.888785,
      0.787843,
      0.712275,
      0.661756,
      0.608036,
      0.560619,
      0.518144,
      0.46534,
      0.423229,
      0.37586,
      0.344574,
      0.308283,
      0.280322,
      0.261452,
      0.176965,
      0.066676
    ],
    [
      0.757259,
      0.801469,
      0.829502,
      0.87752,
      0.922274,
      0.959696,
      1.0,
      0.96492,
      0.927657,
      0.840112,
      0.765293,
      0.713232,
      0.658171,
      0.608189,
      0.562821,
      0.507617,
      0.462696,
      0.411899,
      0.377236,
      0.337726,
      0.307759,
      0.285778,
      0.191588,
      0.073041
    ],
    [
      0.755313,
      0.801252,
      0.825101,
      0.862667,
      0.896985,
      0.928063,
      0.96492,
      1.0,
      0.968559,
      0.893967,
      0.825282,
      0.775865,
      0.721964,
      0.671409,
      0.624087,
      0.565745,
      0.517877,
      0.462847,
      0.424507,
      0.380499,
      0.347769,
      0.319516,
      0.212022,
      0.082998
    ],
    [
      0.742524,
      0.79148,
      0.810142,
      0.83781,
      0.860871,
      0.888785,
      0.927657,
      0.968559,
      1.0,
      0.938891,
      0.872174,
      0.825044,
      0.771017,
      0.720883,
      0.673152,
      0.614304,
      0.564917,
      0.508497,
      0.469101,
      0.421941,
      0.3886,
      0.356064,
      0.238074,
      0.095203
    ],
    [
      0.555183,
      0.618934,
      0.646874,
      0.697161,
      0.744796,
      0.787843,
      0.840112,
      0.893967,
      0.938891,
      1.0,
      0.965637,
      0.926237,
      0.880666,
      0.832812,
      0.784262,
      0.723708,
      0.671642,
      0.610432,
      0.56513,
      0.510631,
      0.473936,
      0.430837,
      0.291104,
      0.119636
    ],
    [
      0.450324,
      0.518299,
      0.550633,
      0.609834,
      0.664601,
      0.712275,
      0.765293,
      0.825282,
      0.872174,
      0.965637,
      1.0,
      0.973397,
      0.938576,
      0.897721,
      0.852915,
      0.794453,
      0.74186,
      0.678921,
      0.62978,
      0.569916,
      0.531459,
      0.475905,
      0.323558,
      0.134935
    ],
    [
      0.413764,
      0.48054,
      0.511726,
      0.567688,
      0.617055,
      0.661756,
      0.713232,
      0.775865,
      0.825044,
      0.926237,
      0.973397,
      1.0,
      0.976094,
      0.943867,
      0.904548,
      0.850949,
      0.799681,
      0.737125,
      0.685389,
      0.621247,
      0.582194,
      0.515026,
      0.351776,
      0.149449
    ],
    [
      0.36887,
      0.434175,
      0.46402,
      0.517908,
      0.565043,
      0.608036,
      0.658171,
      0.721964,
      0.771017,
      0.880666,
      0.938576,
      0.976094,
      1.0,
      0.978622,
      0.946965,
      0.90081,
      0.854127,
      0.794056,
      0.740403,
      0.675142,
      0.636018,
      0.558857,
      0.386151,
      0.165607
    ],
    [
      0.335215,
      0.398198,
      0.42622,
      0.476561,
      0.519979,
      0.560619,
      0.608189,
      0.671409,
      0.720883,
      0.832812,
      0.897721,
      0.943867,
      0.978622,
      1.0,
      0.977423,
      0.940081,
      0.898437,
      0.84227,
      0.788626,
      0.722159,
      0.68304,
      0.597599,
      0.415235,
      0.179799
    ],
    [
      0.307377,
      0.367508,
      0.393548,
      0.44056,
      0.480186,
      0.518144,
      0.562821,
      0.624087,
      0.673152,
      0.784262,
      0.852915,
      0.904548,
      0.946965,
      0.977423,
      1.0,
      0.97307,
      0.938775,
      0.887893,
      0.837825,
      0.771434,
      0.731366,
      0.638761,
      0.442885,
      0.194006
    ],
    [
      0.27132,
      0.32791,
      0.351313,
      0.394348,
      0.430087,
      0.46534,
      0.507617,
      0.565745,
      0.614304,
      0.723708,
      0.794453,
      0.850949,
      0.90081,
      0.940081,
      0.97307,
      1.0,
      0.976332,
      0.935296,
      0.888165,
      0.823624,
      0.784143,
      0.683194,
      0.473429,
      0.210283
    ],
    [
      0.243236,
      0.29705,
      0.317807,
      0.357525,
      0.39019,
      0.423229,
      0.462696,
      0.517877,
      0.564917,
      0.671642,
      0.74186,
      0.799681,
      0.854127,
      0.898437,
      0.938775,
      0.976332,
      1.0,
      0.970047,
      0.92888,
      0.870633,
      0.832262,
      0.73067,
      0.505021,
      0.226859
    ],
    [
      0.212138,
      0.262507,
      0.280618,
      0.316799,
      0.345762,
      0.37586,
      0.411899,
      0.462847,
      0.508497,
      0.610432,
      0.678921,
      0.737125,
      0.794056,
      0.84227,
      0.887893,
      0.935296,
      0.970047,
      1.0,
      0.969796,
      0.92524,
      0.891017,
      0.789195,
      0.542376,
      0.244303
    ],
    [
      0.195148,
      0.243393,
      0.259125,
      0.292127,
      0.317194,
      0.344574,
      0.377236,
      0.424507,
      0.469101,
      0.56513,
      0.62978,
      0.685389,
      0.740403,
      0.788626,
      0.837825,
      0.888165,
      0.92888,
      0.969796,
      1.0,
      0.967524,
      0.936166,
      0.84235,
      0.567708,
      0.25431
    ],
    [
      0.172902,
      0.218746,
      0.232034,
      0.261588,
      0.28364,
      0.308283,
      0.337726,
      0.380499,
      0.421941,
      0.510631,
      0.569916,
      0.621247,
      0.675142,
      0.722159,
      0.771434,
      0.823624,
      0.870633,
      0.92524,
      0.967524,
      1.0,
      0.97388,
      0.902943,
      0.609001,
      0.270839
    ],
    [
      0.15467,
      0.198224,
      0.21029,
      0.237903,
      0.257648,
      0.280322,
      0.307759,
      0.347769,
