{
  "heldout": {
    "corpus": "wikitext-103",
    "seed": 1,
    "n_docs": 200
  },
  "cka": [
    [
      1.0,
      0.978886,
      0.934473,
      0.855069,
      0.799741,
      0.724864,
      0.653988,
      0.568057,
      0.489444,
      0.422566,
      0.360038,
      0.139427
    ],
    [
      0.978886,
      1.0,
      0.96911,
      0.900538,
      0.850436,
      0.780372,
      0.712199,
      0.62612,
      0.54506,
      0.470255,
      0.398079,
      0.158697
    ],
    [
      0.934473,
      0.96911,
      1.0,
      0.9534,
      0.912582,
      0.849409,
      0.78715,
      0.702785,
      0.618655,
      0.531875,
      0.446411,
      0.173711
    ],
    [
      0.855069,
      0.900538,
      0.9534,
      1.0,
      0.964604,
      0.913525,
      0.857462,
      0.775948,
      0.684714,
      0.582233,
      0.484188,
      0.189437
    ],
    [
      0.799741,
      0.850436,
      0.912582,
      0.964604,
      1.0,
      0.954203,
      0.904681,
      0.823992,
      0.730935,
      0.620153,
      0.513502,
      0.198803
    ],
    [
      0.724864,
      0.780372,
      0.849409,
      0.913525,
      0.954203,
      1.0,
      0.953488,
      0.87966,
      0.783919,
      0.664249,
      0.550995,
      0.222023
    ],
    [
      0.653988,
      0.712199,
      0.78715,
      0.857462,
      0.904681,
      0.953488,
      1.0,
      0.942366,
      0.851662,
      0.725912,
      0.604279,
      0.246325
    ],
    [
      0.568057,
      0.62612,
      0.702785,
      0.775948,
      0.823992,
      0.87966,
      0.942366,
      1.0,
      0.921828,
      0.799503,
      0.672416,
      0.275999
    ],
    [
      0.489444,
      0.54506,
      0.618655,
      0.684714,
      0.730935,
      0.783919,
      0.851662,
      0.921828,
      1.0,
      0.911478,
      0.773532,
      0.313754
    ],
    [
      0.422566,
      0.470255,
      0.531875,
      0.582233,
      0.620153,
      0.664249,
      0.725912,
      0.799503,
      0.911478,
      1.0,
      0.879461,
      0.3487
    ],
    [
      0.360038,
      0.398079,
      0.446411,
      0.484188,
      0.513502,
      0.550995,
      0.604279,
      0.672416,
      0.773532,
      0.879461,
      1.0,
      0.48987
    ],
    [
      0.139427,
      0.158697,
      0.173711,
      0.189437,
      0.198803,
      0.222023,
      0.246325,
      0.275999,
      0.313754,
      0.3487,
      0.48987,
      1.0
    ]
  ],
  "mid_block": [
    8,
    11
  ],
  "concentration": {
    "k": 77,
    "k_frac": 0.1,
    "variance_fraction": 0.10037192957035462,
    "band": [
      4,
      5,
      6,
      7
    ]
  }
}