{
  "heldout": {
    "corpus": "wikitext-103",
    "seed": 1,
    "n_docs": 200
  },
  "cka": [
    [
      1.0,
      0.947623,
      0.896667,
      0.817906,
      0.777317,
      0.738654,
      0.695005,
      0.581538,
      0.595991,
      0.558345,
      0.486604,
      0.492767,
      0.478918,
      0.472728,
      0.566922,
      0.523213,
      0.609293,
      0.587621,
      0.55961,
      0.53524,
      0.483828,
      0.423916,
      0.353273,
      0.316569,
      0.283739,
      0.304693,
      0.214488,
      0.134452
    ],
    [
      0.947623,
      1.0,
      0.948409,
      0.873519,
      0.835187,
      0.79803,
      0.754645,
      0.635629,
      0.659465,
      0.618355,
      0.536211,
      0.5356,
      0.522332,
      0.516861,
      0.620673,
      0.577236,
      0.663968,
      0.641301,
      0.61471,
      0.588766,
      0.534363,
      0.469872,
      0.39284,
      0.354373,
      0.320505,
      0.342287,
      0.254833,
      0.14969
    ],
    [
      0.896667,
      0.948409,
      1.0,
      0.927126,
      0.884773,
      0.84789,
      0.803379,
      0.680569,
      0.711806,
      0.65915,
      0.574049,
      0.573682,
      0.559111,
      0.554294,
      0.664673,
      0.621632,
      0.70382,
      0.677585,
      0.648794,
      0.61995,
      0.565903,
      0.496776,
      0.416499,
      0.376552,
      0.34157,
      0.359858,
      0.271808,
      0.157662
    ],
    [
      0.817906,
      0.873519,
      0.927126,
      1.0,
      0.936444,
      0.886918,
      0.840977,
      0.71583,
      0.748624,
      0.688565,
      0.605553,
      0.588577,
      0.578862,
      0.576976,
      0.691816,
      0.654355,
      0.715333,
      0.69701,
      0.670414,
      0.641613,
      0.588584,
      0.519192,
      0.44076,
      0.403218,
      0.37239,
      0.388372,
      0.307429,
      0.176403
    ],
    [
      0.777317,
      0.835187,
      0.884773,
      0.936444,
      1.0,
      0.943426,
      0.897538,
      0.762104,
      0.797577,
      0.733891,
      0.645363,
      0.6206,
      0.610981,
      0.61069,
      0.728531,
      0.686798,
      0.740464,
      0.724454,
      0.696842,
      0.667163,
      0.613417,
      0.543393,
      0.463541,
      0.426407,
      0.39564,
      0.411058,
      0.331779,
      0.193024
    ],
    [
      0.738654,
      0.79803,
      0.84789,
      0.886918,
      0.943426,
      1.0,
      0.946385,
      0.805479,
      0.840911,
      0.766799,
      0.680778,
      0.655115,
      0.645338,
      0.643668,
      0.761685,
      0.718179,
      0.773429,
      0.752645,
      0.723646,
      0.689709,
      0.633422,
      0.561397,
      0.480554,
      0.445408,
      0.415101,
      0.429738,
      0.345523,
      0.200218
    ],
    [
      0.695005,
      0.754645,
      0.803379,
      0.840977,
      0.897538,
      0.946385,
      1.0,
      0.852743,
      0.884891,
      0.810091,
      0.719744,
      0.685832,
      0.677319,
      0.676858,
      0.791252,
      0.746204,
      0.784805,
      0.768137,
      0.741894,
      0.70573,
      0.654408,
      0.586903,
      0.506613,
      0.470813,
      0.437535,
      0.449297,
      0.365856,
      0.211197
    ],
    [
      0.581538,
      0.635629,
      0.680569,
      0.71583,
      0.762104,
      0.805479,
      0.852743,
      1.0,
      0.865814,
      0.882192,
      0.860965,
      0.853408,
      0.842477,
      0.83087,
      0.728256,
      0.694216,
      0.704212,
      0.694049,
      0.673836,
      0.637463,
      0.593407,
      0.531472,
      0.461194,
      0.428234,
      0.39653,
      0.404064,
      0.33245,
      0.190982
    ],
    [
      0.595991,
      0.659465,
      0.711806,
      0.748624,
      0.797577,
      0.840911,
      0.884891,
      0.865814,
      1.0,
      0.881034,
      0.789478,
      0.74162,
      0.735118,
      0.741187,
      0.83633,
      0.798596,
      0.791553,
      0.778334,
      0.756984,
      0.71066,
      0.661978,
      0.593075,
      0.513954,
      0.476669,
      0.44018,
      0.451382,
      0.371848,
      0.21173
    ],
    [
      0.558345,
      0.618355,
      0.65915,
      0.688565,
      0.733891,
      0.766799,
      0.810091,
      0.882192,
      0.881034,
      1.0,
      0.920103,
      0.867972,
      0.860235,
      0.855439,
      0.801621,
      0.766466,
      0.771788,
      0.755145,
      0.732559,
      0.683893,
      0.641749,
      0.578104,
      0.502655,
      0.46553,
      0.426165,
      0.43156,
      0.35692,
      0.202843
    ],
    [
      0.486604,
      0.536211,
      0.574049,
      0.605553,
      0.645363,
      0.680778,
      0.719744,
      0.860965,
      0.789478,
      0.920103,
      1.0,
      0.928001,
      0.918626,
      0.906845,
      0.754294,
      0.725812,
      0.709374,
      0.698392,
      0.680441,
      0.633053,
      0.592118,
      0.533295,
      0.464937,
      0.431188,
      0.394582,
      0.395722,
      0.326736,
      0.187831
    ],
    [
      0.492767,
      0.5356,
      0.573682,
      0.588577,
      0.6206,
      0.655115,
      0.685832,
      0.853408,
      0.74162,
      0.867972,
      0.928001,
      1.0,
      0.971981,
      0.953861,
      0.73431,
      0.690811,
      0.702032,
      0.674512,
      0.645874,
      0.59982,
      0.555312,
      0.494053,
      0.425124,
      0.391314,
      0.356362,
      0.358616,
      0.294507,
      0.167908
    ],
    [
      0.478918,
      0.522332,
      0.559111,
      0.578862,
      0.610981,
      0.645338,
      0.677319,
      0.842477,
      0.735118,
      0.860235,
      0.918626,
      0.971981,
      1.0,
      0.973234,
      0.755868,
      0.720406,
      0.706889,
      0.691677,
      0.666177,
      0.619847,
      0.570469,
      0.508137,
      0.440227,
      0.408314,
      0.373901,
      0.375699,
      0.308689,
      0.178855
    ],
    [
      0.472728,
      0.516861,
      0.554294,
      0.576976,
      0.61069,
      0.643668,
      0.676858,
      0.83087,
      0.741187,
      0.855439,
      0.906845,
      0.953861,
      0.973234,
      1.0,
      0.803225,
      0.766393,
      0.733515,
      0.722081,
      0.695433,
      0.647381,
      0.594664,
      0.530687,
      0.461296,
      0.428126,
      0.393996,
      0.396279,
      0.3298,
      0.19245
    ],
    [
      0.566922,
      0.620673,
      0.664673,
      0.691816,
      0.728531,
      0.761685,
      0.791252,
      0.728256,
      0.83633,
      0.801621,
      0.754294,
      0.73431,
      0.755868,
      0.803225,
      1.0,
      0.952005,
      0.899373,
      0.888083,
      0.855137,
      0.798078,
      0.731061,
      0.652724,
      0.567502,
      0.525636,
      0.48435,
      0.488594,
      0.408996,
      0.237731
    ],
    [
      0.523213,
      0.577236,
      0.621632,
      0.654355,
      0.686798,
      0.718179,
      0.746204,
      0.694216,
      0.798596,
      0.766466,
      0.725812,
      0.690811,
      0.720406,
      0.766393,
      0.952005,
      1.0,
      0.892258,
      0.897219,
      0.871367,
      0.810902,
      0.742725,
      0.662307,
      0.578232,
      0.536495,
      0.493388,
      0.492993,
      0.414759,
      0.240688
    ],
    [
      0.609293,
      0.663968,
      0.70382,
      0.715333,
      0.740464,
      0.773429,
      0.784805,
      0.704212,
      0.791553,
      0.771788,
      0.709374,
      0.702032,
      0.706889,
      0.733515,
      0.899373,
      0.892258,
      1.0,
      0.945255,
      0.892797,
      0.835651,
      0.764238,
      0.679973,
      0.586567,
      0.538728,
      0.495102,
      0.489832,
      0.417981,
      0.246948
    ],
    [
      0.587621,
      0.641301,
      0.677585,
      0.69701,
      0.724454,
      0.752645,
      0.768137,
      0.694049,
      0.778334,
      0.755145,
      0.698392,
      0.674512,
      0.691677,
