{
  "rungs": [
    {
      "slug": "gpt2-medium",
      "params": 355000000,
      "family": "gpt2",
      "training": "base",
      "two_hop_accuracy": 0.16666666666666666,
      "readability": 0.5333333333333333,
      "swap_top1": 0.0,
      "swap_top5": 0.0,
      "verbal_valid": 12,
      "verbal_hit_rate_valid": 0.08333333333333333,
      "concentration_ratio": 1.0530507633060937
    },
    {
      "slug": "gpt2-small",
      "params": 124000000,
      "family": "gpt2",
      "training": "base",
      "two_hop_accuracy": 0.07777777777777778,
      "readability": 0.7142857142857143,
      "swap_top1": 0.0,
      "swap_top5": 0.0,
      "verbal_valid": 5,
      "verbal_hit_rate_valid": 0.0,
      "concentration_ratio": 1.0037192957035461
    },
    {
      "slug": "qwen3-0.6b",
      "params": 600000000,
      "family": "qwen3",
      "training": "instruct",
      "two_hop_accuracy": 0.08888888888888889,
      "readability": 0.875,
      "swap_top1": 0.375,
      "swap_top5": 0.75,
      "verbal_valid": 10,
      "verbal_hit_rate_valid": 0.0,
      "concentration_ratio": 1.9696968066461875
    },
    {
      "slug": "qwen3-1.7b",
      "params": 1700000000,
      "family": "qwen3",
      "training": "instruct",
      "two_hop_accuracy": 0.3111111111111111,
      "readability": 0.4642857142857143,
      "swap_top1": 0.39285714285714285,
      "swap_top5": 0.7142857142857143,
      "verbal_valid": 13,
      "verbal_hit_rate_valid": 0.07692307692307693,
      "concentration_ratio": 2.1427941094471126
    }
  ],
  "capability_matched": {
    "item_names": [],
    "n": 0,
    "underpowered": true,
    "readability_by_slug": {
      "gpt2-medium": null,
      "gpt2-small": null,
      "qwen3-0.6b": null,
      "qwen3-1.7b": null
    },
    "swap_top1_by_slug": {
      "gpt2-medium": null,
      "gpt2-small": null,
      "qwen3-0.6b": null,
      "qwen3-1.7b": null
    }
  }
}